query,join_size,true,psql_est,compass_est,plan
10_0,2,2742670,1840394,2.72518e+06,"['movie_keyword-mk', 'title-t']"
10_1,2,303486,187850,300868,"['movie_info_idx-mi_idx', 'title-t']"
10_2,3,2031666,1915601,4.80043e+06,"['movie_info_idx-mi_idx', 'movie_keyword-mk', 'title-t']"
11_0,2,4922359,3490852,5.06373e+06,"['movie_info-mi', 'title-t']"
11_1,2,1253091,1062999,1.19691e+06,"['movie_keyword-mk', 'title-t']"
11_2,3,62682311,47528099,1.08986e+08,"['movie_info-mi', 'movie_keyword-mk', 'title-t']"
12_0,2,1726523,1346782,1.68698e+06,"['movie_info-mi', 'title-t']"
12_1,2,299534,410109,274419,"['movie_keyword-mk', 'title-t']"
12_2,3,11990578,18336498,6.8578e+07,"['movie_info-mi', 'movie_keyword-mk', 'title-t']"
13_0,2,9092685,6043786,9.31342e+06,"['movie_info-mi', 'title-t']"
13_1,2,2742670,1840394,2.73776e+06,"['movie_keyword-mk', 'title-t']"
13_2,3,157041640,82286390,9.3532e+07,"['movie_info-mi', 'movie_keyword-mk', 'title-t']"
14_0,2,4922359,3490852,5.09646e+06,"['movie_info-mi', 'title-t']"
14_1,2,450556,313117,463984,"['movie_companies-mc', 'title-t']"
14_2,3,6333736,9235666,1.14272e+07,"['movie_companies-mc', 'movie_info-mi', 'title-t']"
15_0,2,1726523,1346782,1.682e+06,"['movie_info-mi', 'title-t']"
15_1,2,176197,120802,160305,"['movie_companies-mc', 'title-t']"
15_2,3,1931628,3563151,1.11598e+07,"['movie_companies-mc', 'movie_info-mi', 'title-t']"
16_0,2,9092685,6043786,9.28322e+06,"['movie_info-mi', 'title-t']"
16_1,2,794787,542106,788902,"['movie_companies-mc', 'title-t']"
16_2,3,12738520,15989902,3.00273e+07,"['movie_companies-mc', 'movie_info-mi', 'title-t']"
17_0,2,5935230,3290241,4.88336e+06,"['cast_info-ci', 'title-t']"
17_1,2,11,22,35.8846,"['movie_keyword-mk', 'title-t']"
17_2,3,1224,866,21059.5,"['cast_info-ci', 'movie_keyword-mk', 'title-t']"
18_0,2,3099,912,10838.8,"['cast_info-ci', 'title-t']"
18_1,2,1054,114,7590.88,"['movie_keyword-mk', 'title-t']"
18_2,3,13221,4362,1.42897e+07,"['cast_info-ci', 'movie_keyword-mk', 'title-t']"
19_0,2,3099,912,10838.8,"['cast_info-ci', 'title-t']"
19_1,2,2,1,1.99821,"['movie_keyword-mk', 'title-t']"
19_2,3,33,1,968.022,"['cast_info-ci', 'movie_keyword-mk', 'title-t']"
1_0,2,4533382,2416133,3.7745e+06,"['cast_info-ci', 'title-t']"
20_0,2,21334720,11674041,1.64572e+07,"['cast_info-ci', 'title-t']"
20_1,2,11,80,62.0919,"['movie_keyword-mk', 'title-t']"
20_2,3,1224,3074,39384.2,"['cast_info-ci', 'movie_keyword-mk', 'title-t']"
21_0,2,21334720,11674041,1.64253e+07,"['cast_info-ci', 'title-t']"
21_1,2,1970380,1455099,1.91748e+06,"['movie_keyword-mk', 'title-t']"
21_2,3,114182642,55840556,3.37158e+08,"['cast_info-ci', 'movie_keyword-mk', 'title-t']"
22_0,2,8852321,5012077,7.22141e+06,"['cast_info-ci', 'title-t']"
22_1,2,2343162,624725,2.3647e+06,"['movie_keyword-mk', 'title-t']"
22_2,3,151179813,23974316,1.35067e+08,"['cast_info-ci', 'movie_keyword-mk', 'title-t']"
23_0,2,4911717,3028636,3.78837e+06,"['cast_info-ci', 'title-t']"
23_1,2,1053171,377501,991220,"['movie_keyword-mk', 'title-t']"
23_2,3,84217062,14486905,1.84784e+08,"['cast_info-ci', 'movie_keyword-mk', 'title-t']"
24_0,2,41840,25813,46411,"['movie_keyword-mk', 'title-t']"
24_1,2,2609129,1534782,2.72069e+06,"['movie_companies-mc', 'title-t']"
24_2,3,148552,133715,624198,"['movie_companies-mc', 'movie_keyword-mk', 'title-t']"
25_0,2,511921,264451,527684,"['movie_keyword-mk', 'title-t']"
25_1,2,5181,2185,5679.95,"['movie_companies-mc', 'title-t']"
25_2,3,7153,5780,78315.8,"['movie_companies-mc', 'movie_keyword-mk', 'title-t']"
26_0,2,1334883,783864,1.31101e+06,"['movie_keyword-mk', 'title-t']"
26_1,2,10544,6475,12402,"['movie_companies-mc', 'title-t']"
26_2,3,14102,17132,104871,"['movie_companies-mc', 'movie_keyword-mk', 'title-t']"
27_0,2,2229308,1388811,2.38676e+06,"['movie_keyword-mk', 'title-t']"
27_1,2,3961736,2408039,3.68883e+06,"['movie_companies-mc', 'title-t']"
27_2,3,31339132,12474011,3.12735e+07,"['movie_companies-mc', 'movie_keyword-mk', 'title-t']"
28_0,2,2609129,1534782,2.72069e+06,"['cast_info-ci', 'title-t']"
28_1,2,7451973,4368899,6.75769e+06,"['movie_companies-mc', 'title-t']"
28_2,3,13355828,12052586,1.89475e+07,"['cast_info-ci', 'movie_companies-mc', 'title-t']"
29_0,2,2609129,1534782,2.72069e+06,"['cast_info-ci', 'title-t']"
29_1,2,2728943,1688776,2.36868e+06,"['movie_companies-mc', 'title-t']"
29_2,3,4450853,4658868,1.1993e+07,"['cast_info-ci', 'movie_companies-mc', 'title-t']"
2_0,2,695701,369510,590065,"['cast_info-ci', 'title-t']"
30_0,2,2609129,1534782,2.72069e+06,"['cast_info-ci', 'title-t']"
30_1,2,276403,148026,224340,"['movie_companies-mc', 'title-t']"
30_2,3,794591,408362,1.25375e+06,"['cast_info-ci', 'movie_companies-mc', 'title-t']"
31_0,2,828838,612110,914718,"['cast_info-ci', 'title-t']"
31_1,2,3211898,1742428,2.96686e+06,"['movie_companies-mc', 'title-t']"
31_2,3,4893440,4806876,1.32436e+07,"['cast_info-ci', 'movie_companies-mc', 'title-t']"
32_0,2,221088,148821,245745,"['cast_info-ci', 'title-t']"
32_1,2,882675,423632,804787,"['movie_companies-mc', 'title-t']"
32_2,3,1381288,1168684,6.85893e+06,"['cast_info-ci', 'movie_companies-mc', 'title-t']"
33_0,2,4864041,3015318,4.28692e+06,"['cast_info-ci', 'title-t']"
33_1,2,829639,613074,913715,"['movie_companies-mc', 'title-t']"
33_2,3,8720023,8318429,2.27885e+07,"['cast_info-ci', 'movie_companies-mc', 'title-t']"
34_0,2,1759319,1163319,1.69045e+06,"['cast_info-ci', 'title-t']"
34_1,2,294635,236526,336113,"['movie_companies-mc', 'title-t']"
34_2,3,2873214,3209278,1.72359e+07,"['cast_info-ci', 'movie_companies-mc', 'title-t']"
35_0,2,26775477,14765201,2.11672e+07,"['cast_info-ci', 'title-t']"
35_1,2,1508127,1061428,1.5325e+06,"['movie_companies-mc', 'title-t']"
35_2,3,56965403,40733109,5.79216e+07,"['cast_info-ci', 'movie_companies-mc', 'title-t']"
36_0,2,97755,70834,84040,"['movie_companies-mc', 'title-t']"
36_1,2,107622,82814,104663,"['movie_info_idx-mi_idx', 'title-t']"
36_2,2,39862,24545,42813,"['movie_info-mi', 'title-t']"
36_3,3,118187,219100,838934,"['movie_companies-mc', 'movie_info_idx-mi_idx', 'title-t']"
36_4,3,52944,64939,253155,"['movie_info-mi', 'movie_info_idx-mi_idx', 'title-t']"
36_5,3,45776,86199,238221,"['movie_companies-mc', 'movie_info-mi', 'title-t']"
36_6,4,75440,228054,1.04103e+07,"['movie_companies-mc', 'movie_info-mi', 'movie_info_idx-mi_idx', 'title-t']"
37_0,2,2609129,1534782,2.72069e+06,"['movie_companies-mc', 'title-t']"
37_1,2,121863,76030,115767,"['movie_info_idx-mi_idx', 'title-t']"
37_2,2,10,1,75.0463,"['movie_info-mi', 'title-t']"
37_3,3,360355,393847,1.75194e+06,"['movie_companies-mc', 'movie_info_idx-mi_idx', 'title-t']"
37_4,3,120,3,5090.49,"['movie_info-mi', 'movie_info_idx-mi_idx', 'title-t']"
37_5,3,4,1,403.295,"['movie_companies-mc', 'movie_info-mi', 'title-t']"
37_6,4,72,1,43395.3,"['movie_companies-mc', 'movie_info-mi', 'movie_info_idx-mi_idx', 'title-t']"
38_0,2,381320,262797,398987,"['movie_companies-mc', 'title-t']"
38_1,2,435634,307244,450033,"['movie_info_idx-mi_idx', 'title-t']"
38_2,2,157251,91064,164179,"['movie_info-mi', 'title-t']"
38_3,3,474153,812868,1.22621e+06,"['movie_companies-mc', 'movie_info_idx-mi_idx', 'title-t']"
38_4,3,207561,240926,668978,"['movie_info-mi', 'movie_info_idx-mi_idx', 'title-t']"
38_5,3,185501,319799,565884,"['movie_companies-mc', 'movie_info-mi', 'title-t']"
38_6,4,305691,846085,1.54862e+07,"['movie_companies-mc', 'movie_info-mi', 'movie_info_idx-mi_idx', 'title-t']"
39_0,2,640620,203361,609231,"['movie_companies-mc', 'title-t']"
39_1,2,1083597,451552,941622,"['movie_info_idx-mi_idx', 'title-t']"
39_2,2,209880,70468,207210,"['movie_info-mi', 'title-t']"
39_3,3,2250196,1194661,1.98404e+06,"['movie_companies-mc', 'movie_info_idx-mi_idx', 'title-t']"
39_4,3,302610,186436,479184,"['movie_info-mi', 'movie_info_idx-mi_idx', 'title-t']"
39_5,3,724731,470005,514166,"['movie_companies-mc', 'movie_info-mi', 'title-t']"
39_6,4,1919495,1243481,2.38412e+07,"['movie_companies-mc', 'movie_info-mi', 'movie_info_idx-mi_idx', 'title-t']"
3_0,2,21454165,11787916,1.6841e+07,"['cast_info-ci', 'title-t']"
40_0,2,108646,30502,103542,"['movie_info_idx-mi_idx', 'title-t']"
40_1,2,17526,10860,21101,"['movie_info-mi', 'title-t']"
40_2,2,164339,106396,232121,"['movie_keyword-mk', 'title-t']"
40_3,3,110975,110744,2.18765e+06,"['movie_info-mi', 'movie_info_idx-mi_idx', 'title-t']"
40_4,3,209492,415294,2.09379e+06,"['movie_info_idx-mi_idx', 'movie_keyword-mk', 'title-t']"
40_5,3,20716,31749,163131,"['movie_info-mi', 'movie_keyword-mk', 'title-t']"
40_6,4,150780,432265,3.8803e+07,"['movie_info-mi', 'movie_info_idx-mi_idx', 'movie_keyword-mk', 'title-t']"
41_0,2,705350,197927,677186,"['movie_info_idx-mi_idx', 'title-t']"
41_1,2,209880,70468,209751,"['movie_info-mi', 'title-t']"
41_2,2,2886675,690388,2.85019e+06,"['movie_keyword-mk', 'title-t']"
41_3,3,2503305,718601,3.45362e+06,"['movie_info-mi', 'movie_info_idx-mi_idx', 'title-t']"
41_4,3,3643079,2694788,1.02263e+07,"['movie_info_idx-mi_idx', 'movie_keyword-mk', 'title-t']"
41_5,3,238948,206016,409481,"['movie_info-mi', 'movie_keyword-mk', 'title-t']"
41_6,4,3243247,2804912,1.07745e+08,"['movie_info-mi', 'movie_info_idx-mi_idx', 'movie_keyword-mk', 'title-t']"
42_0,2,455223,304752,431992,"['movie_info_idx-mi_idx', 'title-t']"
42_1,2,143567,108501,147940,"['movie_info-mi', 'title-t']"
42_2,2,1253091,1062999,1.27445e+06,"['movie_keyword-mk', 'title-t']"
42_3,3,850677,1106439,7.74614e+06,"['movie_info-mi', 'movie_info_idx-mi_idx', 'title-t']"
42_4,3,1384108,4149204,1.38584e+07,"['movie_info_idx-mi_idx', 'movie_keyword-mk', 'title-t']"
42_5,3,125530,317205,465027,"['movie_info-mi', 'movie_keyword-mk', 'title-t']"
42_6,4,1043763,4318763,1.96443e+08,"['movie_info-mi', 'movie_info_idx-mi_idx', 'movie_keyword-mk', 'title-t']"
43_0,2,121863,76030,115923,"['cast_info-ci', 'title-t']"
43_1,2,36244344,21349889,2.97337e+07,"['movie_info_idx-mi_idx', 'title-t']"
43_2,2,459925,270622,461314,"['movie_info-mi', 'title-t']"
43_3,3,13626495,10385343,1.46395e+07,"['cast_info-ci', 'movie_info-mi', 'title-t']"
43_4,3,45431,78845,354205,"['cast_info-ci', 'movie_info_idx-mi_idx', 'title-t']"
43_5,3,2766914,2917711,6.35136e+06,"['movie_info-mi', 'movie_info_idx-mi_idx', 'title-t']"
43_6,4,1831108,3025749,6.22666e+07,"['cast_info-ci', 'movie_info-mi', 'movie_info_idx-mi_idx', 'title-t']"
44_0,2,457047,237014,443035,"['cast_info-ci', 'title-t']"
44_1,2,10385830,5521606,8.27287e+06,"['movie_info_idx-mi_idx', 'title-t']"
44_2,2,84173,70248,83086,"['movie_info-mi', 'title-t']"
44_3,3,2840669,2695842,9.75849e+06,"['cast_info-ci', 'movie_info-mi', 'title-t']"
44_4,3,96377,246699,241934,"['cast_info-ci', 'movie_info_idx-mi_idx', 'title-t']"
44_5,3,7290341,9095571,2.78092e+07,"['movie_info-mi', 'movie_info_idx-mi_idx', 'title-t']"
44_6,4,2936093,9467261,3.43818e+08,"['cast_info-ci', 'movie_info-mi', 'movie_info_idx-mi_idx', 'title-t']"
45_0,2,1533909,916438,1.43538e+06,"['cast_info-ci', 'title-t']"
45_1,2,36244344,21349889,2.97337e+07,"['movie_info_idx-mi_idx', 'title-t']"
45_2,2,459925,270622,461639,"['movie_info-mi', 'title-t']"
45_3,3,13626495,10385343,1.59841e+07,"['cast_info-ci', 'movie_info-mi', 'title-t']"
45_4,3,546205,950372,810029,"['cast_info-ci', 'movie_info_idx-mi_idx', 'title-t']"
45_5,3,26038298,35169006,4.27603e+07,"['movie_info-mi', 'movie_info_idx-mi_idx', 'title-t']"
45_6,4,16461908,36471263,6.92197e+08,"['cast_info-ci', 'movie_info-mi', 'movie_info_idx-mi_idx', 'title-t']"
46_0,2,1170186,839213,1.30241e+06,"['movie_companies-mc', 'title-t']"
46_1,2,1798330,951716,1.60204e+06,"['movie_info-mi', 'title-t']"
46_2,2,1970380,1455099,1.89793e+06,"['movie_keyword-mk', 'title-t']"
46_3,3,16657594,7537635,3.88822e+07,"['movie_companies-mc', 'movie_keyword-mk', 'title-t']"
46_4,3,21795195,12957657,1.75339e+07,"['movie_info-mi', 'movie_keyword-mk', 'title-t']"
46_5,3,6621484,4930036,7.09317e+06,"['movie_companies-mc', 'movie_info-mi', 'title-t']"
46_6,4,512575801,67122644,2.44696e+09,"['movie_companies-mc', 'movie_info-mi', 'movie_keyword-mk', 'title-t']"
47_0,2,420388,288410,441526,"['movie_companies-mc', 'title-t']"
47_1,2,669960,327074,608123,"['movie_info-mi', 'title-t']"
47_2,2,777213,500069,718872,"['movie_keyword-mk', 'title-t']"
47_3,3,6670791,2590437,1.11064e+07,"['movie_companies-mc', 'movie_keyword-mk', 'title-t']"
47_4,3,8542397,4453120,1.43835e+07,"['movie_info-mi', 'movie_keyword-mk', 'title-t']"
47_5,3,2557971,1694291,4.68863e+06,"['movie_companies-mc', 'movie_info-mi', 'title-t']"
47_6,4,206778521,23067844,8.49307e+08,"['movie_companies-mc', 'movie_info-mi', 'movie_keyword-mk', 'title-t']"
48_0,2,1508127,1061428,1.54944e+06,"['movie_companies-mc', 'title-t']"
48_1,2,2220025,1203721,1.99427e+06,"['movie_info-mi', 'title-t']"
48_2,2,2742670,1840394,2.71813e+06,"['movie_keyword-mk', 'title-t']"
48_3,3,22579666,9533520,2.19624e+07,"['movie_companies-mc', 'movie_keyword-mk', 'title-t']"
48_4,3,27653388,16388705,2.59934e+07,"['movie_info-mi', 'movie_keyword-mk', 'title-t']"
48_5,3,8193781,6235457,5.25449e+06,"['movie_companies-mc', 'movie_info-mi', 'title-t']"
48_6,4,625302823,84895995,1.05008e+09,"['movie_companies-mc', 'movie_info-mi', 'movie_keyword-mk', 'title-t']"
49_0,2,511921,264451,519484,"['movie_companies-mc', 'title-t']"
49_1,2,5528038,2948288,5.1912e+06,"['movie_info-mi', 'title-t']"
49_2,2,5181,2185,5723.95,"['movie_keyword-mk', 'title-t']"
49_3,3,7153,5780,32356.5,"['movie_companies-mc', 'movie_keyword-mk', 'title-t']"
49_4,3,169531,97675,1.71182e+06,"['movie_info-mi', 'movie_keyword-mk', 'title-t']"
49_5,3,7274879,7800217,2.01333e+07,"['movie_companies-mc', 'movie_info-mi', 'title-t']"
49_6,4,333474,170475,4.07177e+07,"['movie_companies-mc', 'movie_info-mi', 'movie_keyword-mk', 'title-t']"
4_0,2,1334883,783864,1.31151e+06,"['movie_companies-mc', 'title-t']"
4_1,2,250,54,570.993,"['movie_info_idx-mi_idx', 'title-t']"
4_2,3,715,143,16972.3,"['movie_companies-mc', 'movie_info_idx-mi_idx', 'title-t']"
50_0,2,381320,262797,398172,"['movie_companies-mc', 'title-t']"
50_1,2,4558886,2929851,4.44987e+06,"['movie_info-mi', 'title-t']"
50_2,2,2699,2171,3843.02,"['movie_keyword-mk', 'title-t']"
50_3,3,3411,5744,89027.8,"['movie_companies-mc', 'movie_keyword-mk', 'title-t']"
50_4,3,95564,97064,916453,"['movie_info-mi', 'movie_keyword-mk', 'title-t']"
50_5,3,6872385,7751437,1.11395e+07,"['movie_companies-mc', 'movie_info-mi', 'title-t']"
50_6,4,307213,169409,1.05089e+07,"['movie_companies-mc', 'movie_info-mi', 'movie_keyword-mk', 'title-t']"
51_0,2,917428,543495,934753,"['movie_companies-mc', 'title-t']"
51_1,2,10383441,6059272,9.97094e+06,"['movie_info-mi', 'title-t']"
51_2,2,8209,4489,9934.99,"['movie_keyword-mk', 'title-t']"
51_3,3,10936,11878,50569.4,"['movie_companies-mc', 'movie_keyword-mk', 'title-t']"
51_4,3,272734,200739,1.59608e+06,"['movie_info-mi', 'movie_keyword-mk', 'title-t']"
51_5,3,14623463,16030872,4.82319e+07,"['movie_companies-mc', 'movie_info-mi', 'title-t']"
51_6,4,658557,350358,5.18408e+07,"['movie_companies-mc', 'movie_info-mi', 'movie_keyword-mk', 'title-t']"
52_0,2,20455,15312,17140,"['movie_companies-mc', 'title-t']"
52_1,2,250661,170704,163566,"['movie_info-mi', 'title-t']"
52_2,2,271,126,391.026,"['movie_keyword-mk', 'title-t']"
52_3,3,372,335,11559,"['movie_companies-mc', 'movie_keyword-mk', 'title-t']"
52_4,3,8543,5655,170937,"['movie_info-mi', 'movie_keyword-mk', 'title-t']"
52_5,3,370041,451627,3.16644e+06,"['movie_companies-mc', 'movie_info-mi', 'title-t']"
52_6,4,19006,9871,9.07751e+06,"['movie_companies-mc', 'movie_info-mi', 'movie_keyword-mk', 'title-t']"
53_0,2,305063,212221,319701,"['cast_info-ci', 'title-t']"
53_1,2,495374,240671,450831,"['movie_companies-mc', 'title-t']"
53_2,2,1191990,604106,1.1067e+06,"['movie_info-mi', 'title-t']"
53_3,3,1816973,1246710,2.49696e+06,"['cast_info-ci', 'movie_companies-mc', 'title-t']"
53_4,3,2647115,1889976,4.45182e+06,"['cast_info-ci', 'movie_info-mi', 'title-t']"
53_5,3,1837455,1666561,8.43624e+06,"['movie_companies-mc', 'movie_info-mi', 'title-t']"
53_6,4,24675801,9790367,5.56477e+08,"['cast_info-ci', 'movie_companies-mc', 'movie_info-mi', 'title-t']"
54_0,2,2609129,1534782,2.72069e+06,"['cast_info-ci', 'title-t']"
54_1,2,3036719,1740532,2.82662e+06,"['movie_companies-mc', 'title-t']"
54_2,2,7451973,4368899,6.73953e+06,"['movie_info-mi', 'title-t']"
54_3,3,10905021,9016221,1.35048e+07,"['cast_info-ci', 'movie_companies-mc', 'title-t']"
54_4,3,14802622,13668333,1.89147e+07,"['cast_info-ci', 'movie_info-mi', 'title-t']"
54_5,3,13355828,12052586,2.03137e+07,"['movie_companies-mc', 'movie_info-mi', 'title-t']"
54_6,4,132317651,70804055,1.83469e+09,"['cast_info-ci', 'movie_companies-mc', 'movie_info-mi', 'title-t']"
55_0,2,1170186,839213,1.30491e+06,"['cast_info-ci', 'title-t']"
55_1,2,1798330,951716,1.59977e+06,"['movie_companies-mc', 'title-t']"
55_2,2,4402268,2388898,3.81659e+06,"['movie_info-mi', 'title-t']"
55_3,3,6621484,4930036,6.57601e+06,"['cast_info-ci', 'movie_companies-mc', 'title-t']"
55_4,3,9273829,7473794,1.45422e+07,"['cast_info-ci', 'movie_info-mi', 'title-t']"
55_5,3,6991479,6590310,1.43613e+07,"['movie_companies-mc', 'movie_info-mi', 'title-t']"
55_6,4,90649862,38715398,1.22213e+09,"['cast_info-ci', 'movie_companies-mc', 'movie_info-mi', 'title-t']"
56_0,2,2609129,1534782,2.72069e+06,"['cast_info-ci', 'title-t']"
56_1,2,36244344,21349889,2.97337e+07,"['movie_companies-mc', 'title-t']"
56_2,2,41840,25813,46163,"['movie_keyword-mk', 'title-t']"
56_3,3,148552,133715,680848,"['movie_companies-mc', 'movie_keyword-mk', 'title-t']"
56_4,3,1038393,990592,2.32265e+06,"['cast_info-ci', 'movie_companies-mc', 'title-t']"
56_5,3,80274241,58898442,9.73869e+07,"['cast_info-ci', 'movie_keyword-mk', 'title-t']"
56_6,4,7796926,2732769,5.9129e+08,"['cast_info-ci', 'movie_companies-mc', 'movie_keyword-mk', 'title-t']"
57_0,2,4911717,3028636,3.82002e+06,"['cast_info-ci', 'title-t']"
57_1,2,86572,38532,95633,"['movie_info_idx-mi_idx', 'title-t']"
57_2,2,1053171,377501,1.00071e+06,"['movie_keyword-mk', 'title-t']"
57_3,3,897347,392928,2.10645e+06,"['cast_info-ci', 'movie_info_idx-mi_idx', 'title-t']"
57_4,3,2693690,1478686,4.36087e+06,"['movie_info_idx-mi_idx', 'movie_keyword-mk', 'title-t']"
57_5,3,84217062,14486905,1.08783e+08,"['cast_info-ci', 'movie_keyword-mk', 'title-t']"
57_6,4,81495003,7073015,6.32314e+08,"['cast_info-ci', 'movie_info_idx-mi_idx', 'movie_keyword-mk', 'title-t']"
58_0,2,3785589,2212525,3.02814e+06,"['cast_info-ci', 'title-t']"
58_1,2,58024,28149,67507,"['movie_info_idx-mi_idx', 'title-t']"
58_2,2,682355,275778,736537,"['movie_keyword-mk', 'title-t']"
58_3,3,547364,287048,2.40534e+06,"['cast_info-ci', 'movie_info_idx-mi_idx', 'title-t']"
58_4,3,1839592,1080232,3.89915e+06,"['movie_info_idx-mi_idx', 'movie_keyword-mk', 'title-t']"
58_5,3,53765709,10583195,4.95644e+07,"['cast_info-ci', 'movie_keyword-mk', 'title-t']"
58_6,4,51282842,5167086,1.3902e+09,"['cast_info-ci', 'movie_info_idx-mi_idx', 'movie_keyword-mk', 'title-t']"
59_0,2,524576,399955,584962,"['movie_companies-mc', 'title-t']"
59_1,2,296199,198813,279314,"['movie_info_idx-mi_idx', 'title-t']"
59_10,4,532005,2817463,1.2833e+08,"['movie_companies-mc', 'movie_info-mi', 'movie_info_idx-mi_idx', 'title-t']"
59_11,4,8559047,14021878,4.24309e+08,"['movie_companies-mc', 'movie_info_idx-mi_idx', 'movie_keyword-mk', 'title-t']"
59_12,4,289007,1071968,3.12717e+07,"['movie_companies-mc', 'movie_info-mi', 'movie_keyword-mk', 'title-t']"
59_13,4,5265503,3739116,3.54552e+08,"['movie_info-mi', 'movie_info_idx-mi_idx', 'movie_keyword-mk', 'title-t']"
59_14,5,8275169,14594882,1.24239e+10,"['movie_companies-mc', 'movie_info-mi', 'movie_info_idx-mi_idx', 'movie_keyword-mk', 'title-t']"
59_2,2,84174,70784,81037,"['movie_info-mi', 'title-t']"
59_3,2,684042,693477,452758,"['movie_keyword-mk', 'title-t']"
59_4,3,5553478,3592316,3.40837e+07,"['movie_companies-mc', 'movie_info_idx-mi_idx', 'title-t']"
59_5,3,731643,2706846,5.8891e+06,"['movie_companies-mc', 'movie_keyword-mk', 'title-t']"
59_6,3,447627,721816,1.3411e+06,"['movie_info-mi', 'movie_info_idx-mi_idx', 'title-t']"
59_7,3,494243,1029882,1.33989e+06,"['movie_info_idx-mi_idx', 'movie_keyword-mk', 'title-t']"
59_8,3,248594,366669,676198,"['movie_info-mi', 'movie_keyword-mk', 'title-t']"
59_9,3,71285,206938,249830,"['movie_companies-mc', 'movie_info-mi', 'title-t']"
5_0,2,211875,147301,209780,"['movie_companies-mc', 'title-t']"
5_1,2,3,1,30.9942,"['movie_info_idx-mi_idx', 'title-t']"
5_2,3,9,1,1242.4,"['movie_companies-mc', 'movie_info_idx-mi_idx', 'title-t']"
60_0,2,409251,323766,452627,"['movie_companies-mc', 'title-t']"
60_1,2,233592,160940,204492,"['movie_info_idx-mi_idx', 'title-t']"
60_10,4,346794,2280751,1.22378e+08,"['movie_companies-mc', 'movie_info-mi', 'movie_info_idx-mi_idx', 'title-t']"
60_11,4,5280948,11350786,5.18588e+08,"['movie_companies-mc', 'movie_info_idx-mi_idx', 'movie_keyword-mk', 'title-t']"
60_12,4,208040,867764,2.30612e+07,"['movie_companies-mc', 'movie_info-mi', 'movie_keyword-mk', 'title-t']"
60_13,4,3432100,3026835,4.0498e+08,"['movie_info-mi', 'movie_info_idx-mi_idx', 'movie_keyword-mk', 'title-t']"
60_14,5,5060606,11814637,6.77073e+09,"['movie_companies-mc', 'movie_info-mi', 'movie_info_idx-mi_idx', 'movie_keyword-mk', 'title-t']"
60_2,2,64063,57299,65312,"['movie_info-mi', 'title-t']"
60_3,2,475878,561374,341768,"['movie_keyword-mk', 'title-t']"
60_4,3,3655294,2907999,3.66425e+07,"['movie_companies-mc', 'movie_info_idx-mi_idx', 'title-t']"
60_5,3,488089,2191207,6.35675e+06,"['movie_companies-mc', 'movie_keyword-mk', 'title-t']"
60_6,3,305628,584314,2.0528e+06,"['movie_info-mi', 'movie_info_idx-mi_idx', 'title-t']"
60_7,3,374517,833695,1.07804e+06,"['movie_info_idx-mi_idx', 'movie_keyword-mk', 'title-t']"
60_8,3,183850,296821,403151,"['movie_info-mi', 'movie_keyword-mk', 'title-t']"
60_9,3,53013,167517,259982,"['movie_companies-mc', 'movie_info-mi', 'title-t']"
61_0,2,1170186,839213,1.30112e+06,"['movie_companies-mc', 'title-t']"
61_1,2,641527,417162,616735,"['movie_info_idx-mi_idx', 'title-t']"
61_10,4,1801122,5911786,2.40418e+08,"['movie_companies-mc', 'movie_info-mi', 'movie_info_idx-mi_idx', 'title-t']"
61_11,4,27360458,29421632,5.29252e+08,"['movie_companies-mc', 'movie_info_idx-mi_idx', 'movie_keyword-mk', 'title-t']"
61_12,4,784265,2249274,3.61432e+07,"['movie_companies-mc', 'movie_info-mi', 'movie_keyword-mk', 'title-t']"
61_13,4,16001104,7845660,2.05618e+08,"['movie_info-mi', 'movie_info_idx-mi_idx', 'movie_keyword-mk', 'title-t']"
61_14,5,26718423,30623948,1.50197e+10,"['movie_companies-mc', 'movie_info-mi', 'movie_info_idx-mi_idx', 'movie_keyword-mk', 'title-t']"
61_2,2,221314,148523,232384,"['movie_info-mi', 'title-t']"
61_3,2,1970380,1455099,1.84893e+06,"['movie_keyword-mk', 'title-t']"
61_4,3,16657594,7537635,2.77572e+07,"['movie_companies-mc', 'movie_info_idx-mi_idx', 'title-t']"
61_5,3,2283714,5679684,1.16263e+07,"['movie_companies-mc', 'movie_keyword-mk', 'title-t']"
61_6,3,1402930,1514562,6.46935e+06,"['movie_info-mi', 'movie_info_idx-mi_idx', 'title-t']"
61_7,3,1195290,2160965,2.60865e+06,"['movie_info_idx-mi_idx', 'movie_keyword-mk', 'title-t']"
61_8,3,646073,769371,861886,"['movie_info-mi', 'movie_keyword-mk', 'title-t']"
61_9,3,198913,434210,674442,"['movie_companies-mc', 'movie_info-mi', 'title-t']"
62_0,2,829639,613074,918575,"['movie_companies-mc', 'title-t']"
62_1,2,455223,304752,430481,"['movie_info_idx-mi_idx', 'title-t']"
62_10,4,1043763,4318763,2.01681e+08,"['movie_companies-mc', 'movie_info-mi', 'movie_info_idx-mi_idx', 'title-t']"
62_11,4,16264315,21493510,7.87535e+08,"['movie_companies-mc', 'movie_info_idx-mi_idx', 'movie_keyword-mk', 'title-t']"
62_12,4,508388,1643171,2.99433e+07,"['movie_companies-mc', 'movie_info-mi', 'movie_keyword-mk', 'title-t']"
62_13,4,9861464,5731524,3.42036e+08,"['movie_info-mi', 'movie_info_idx-mi_idx', 'movie_keyword-mk', 'title-t']"
62_14,5,15813608,22371843,9.46563e+09,"['movie_companies-mc', 'movie_info-mi', 'movie_info_idx-mi_idx', 'movie_keyword-mk', 'title-t']"
62_2,2,143567,108501,146555,"['movie_info-mi', 'title-t']"
62_3,2,1253091,1062999,1.23149e+06,"['movie_keyword-mk', 'title-t']"
62_4,3,10326085,5506501,3.4464e+07,"['movie_companies-mc', 'movie_info_idx-mi_idx', 'title-t']"
62_5,3,1384108,4149204,1.03806e+07,"['movie_companies-mc', 'movie_keyword-mk', 'title-t']"
62_6,3,850677,1106439,6.08194e+06,"['movie_info-mi', 'movie_info_idx-mi_idx', 'title-t']"
62_7,3,813700,1578659,1.83745e+06,"['movie_info_idx-mi_idx', 'movie_keyword-mk', 'title-t']"
62_8,3,427700,562051,986210,"['movie_info-mi', 'movie_keyword-mk', 'title-t']"
62_9,3,125530,317205,616271,"['movie_companies-mc', 'movie_info-mi', 'title-t']"
63_0,2,1533909,916438,1.43892e+06,"['cast_info-ci', 'title-t']"
63_1,2,36244344,21349889,2.97337e+07,"['movie_info_idx-mi_idx', 'title-t']"
63_10,4,7567972,12939350,3.15543e+08,"['cast_info-ci', 'movie_info-mi', 'movie_info_idx-mi_idx', 'title-t']"
63_11,4,510924327,478827439,1.96862e+10,"['cast_info-ci', 'movie_info-mi', 'movie_keyword-mk', 'title-t']"
63_12,4,200542501,105904602,9.05026e+09,"['movie_info-mi', 'movie_info_idx-mi_idx', 'movie_keyword-mk', 'title-t']"
63_13,4,16461908,36471263,7.97837e+08,"['cast_info-ci', 'movie_info_idx-mi_idx', 'movie_keyword-mk', 'title-t']"
63_14,5,492943940,496557714,1.9669e+11,"['cast_info-ci', 'movie_info-mi', 'movie_info_idx-mi_idx', 'movie_keyword-mk', 'title-t']"
63_2,2,459925,270622,460739,"['movie_info-mi', 'title-t']"
63_3,2,4523930,2661135,4.5779e+06,"['movie_keyword-mk', 'title-t']"
63_4,3,3461792,2759673,4.27958e+06,"['cast_info-ci', 'movie_info-mi', 'title-t']"
63_5,3,8855087,12477335,1.5765e+07,"['movie_info-mi', 'movie_info_idx-mi_idx', 'title-t']"
63_6,3,13626495,10385343,1.50391e+07,"['movie_info_idx-mi_idx', 'movie_keyword-mk', 'title-t']"
63_7,3,546205,950372,911955,"['cast_info-ci', 'movie_info_idx-mi_idx', 'title-t']"
63_8,3,215765477,102123134,2.35506e+08,"['movie_info-mi', 'movie_keyword-mk', 'title-t']"
63_9,3,26038298,35169006,3.8268e+07,"['cast_info-ci', 'movie_keyword-mk', 'title-t']"
64_0,2,276630,141232,252794,"['cast_info-ci', 'title-t']"
64_1,2,5935230,3290241,4.86646e+06,"['movie_info_idx-mi_idx', 'title-t']"
64_10,4,306625,1994089,8.48093e+07,"['cast_info-ci', 'movie_info-mi', 'movie_info_idx-mi_idx', 'title-t']"
64_11,4,35755063,73792318,3.53354e+09,"['cast_info-ci', 'movie_info-mi', 'movie_keyword-mk', 'title-t']"
64_12,4,14791511,16321007,2.60111e+09,"['movie_info-mi', 'movie_info_idx-mi_idx', 'movie_keyword-mk', 'title-t']"
64_13,4,1436245,5620603,1.46459e+08,"['cast_info-ci', 'movie_info_idx-mi_idx', 'movie_keyword-mk', 'title-t']"
64_14,5,32355583,76524738,1.06813e+11,"['cast_info-ci', 'movie_info-mi', 'movie_info_idx-mi_idx', 'movie_keyword-mk', 'title-t']"
64_2,2,43838,41706,46355,"['movie_info-mi', 'title-t']"
64_3,2,299534,410109,315269,"['movie_keyword-mk', 'title-t']"
64_4,3,179616,425295,2.97804e+06,"['cast_info-ci', 'movie_info-mi', 'title-t']"
64_5,3,464073,1922888,1.04875e+07,"['movie_info-mi', 'movie_info_idx-mi_idx', 'title-t']"
64_6,3,1490360,1600490,4.39724e+06,"['movie_info_idx-mi_idx', 'movie_keyword-mk', 'title-t']"
64_7,3,46654,146462,215319,"['cast_info-ci', 'movie_info_idx-mi_idx', 'title-t']"
64_8,3,17278181,15738244,1.28492e+08,"['movie_info-mi', 'movie_keyword-mk', 'title-t']"
64_9,3,4308755,5419912,2.24214e+07,"['cast_info-ci', 'movie_keyword-mk', 'title-t']"
65_0,2,815187,501105,806868,"['cast_info-ci', 'title-t']"
65_1,2,21334720,11674041,1.64941e+07,"['movie_info_idx-mi_idx', 'title-t']"
65_10,4,2912311,7075189,3.05136e+08,"['cast_info-ci', 'movie_info-mi', 'movie_info_idx-mi_idx', 'title-t']"
65_11,4,268238061,261821090,6.10197e+09,"['cast_info-ci', 'movie_info-mi', 'movie_keyword-mk', 'title-t']"
65_12,4,104984070,57908248,2.6552e+09,"['movie_info-mi', 'movie_info_idx-mi_idx', 'movie_keyword-mk', 'title-t']"
65_13,4,8005670,19942353,2.67811e+08,"['cast_info-ci', 'movie_info_idx-mi_idx', 'movie_keyword-mk', 'title-t']"
65_14,5,258385218,271515939,1.62023e+11,"['cast_info-ci', 'movie_info-mi', 'movie_info_idx-mi_idx', 'movie_keyword-mk', 'title-t']"
65_2,2,221314,147975,235762,"['movie_info-mi', 'title-t']"
65_3,2,1970380,1455099,1.89342e+06,"['movie_keyword-mk', 'title-t']"
65_4,3,1402930,1508979,7.36311e+06,"['cast_info-ci', 'movie_info-mi', 'title-t']"
65_5,3,3564358,6822561,7.79737e+06,"['movie_info-mi', 'movie_info_idx-mi_idx', 'title-t']"
65_6,3,7097988,5678668,1.71059e+07,"['movie_info_idx-mi_idx', 'movie_keyword-mk', 'title-t']"
65_7,3,257633,519660,451006,"['cast_info-ci', 'movie_info_idx-mi_idx', 'title-t']"
65_8,3,114182642,55840556,3.02476e+08,"['movie_info-mi', 'movie_keyword-mk', 'title-t']"
65_9,3,14392622,19230284,2.88933e+07,"['cast_info-ci', 'movie_keyword-mk', 'title-t']"
66_0,2,294635,236526,337446,"['cast_info-ci', 'title-t']"
66_1,2,436548,268234,395577,"['movie_companies-mc', 'title-t']"
66_10,4,67597282,18918016,9.08951e+08,"['cast_info-ci', 'movie_companies-mc', 'movie_info-mi', 'title-t']"
66_11,4,50166855,28679171,2.36759e+09,"['cast_info-ci', 'movie_info-mi', 'movie_keyword-mk', 'title-t']"
66_12,4,32897373,16683042,6.61509e+09,"['movie_companies-mc', 'movie_info-mi', 'movie_keyword-mk', 'title-t']"
66_13,4,17669965,10911645,4.09261e+08,"['cast_info-ci', 'movie_companies-mc', 'movie_keyword-mk', 'title-t']"
66_14,5,1352809555,148562494,1.82222e+11,"['cast_info-ci', 'movie_companies-mc', 'movie_info-mi', 'movie_keyword-mk', 'title-t']"
66_2,2,1127791,673293,1.08035e+06,"['movie_info-mi', 'title-t']"
66_3,2,299534,410109,290485,"['movie_keyword-mk', 'title-t']"
66_4,3,2116623,2124426,1.44058e+07,"['movie_companies-mc', 'movie_keyword-mk', 'title-t']"
66_5,3,2742272,3652019,5.41099e+06,"['cast_info-ci', 'movie_companies-mc', 'title-t']"
66_6,3,1258211,1389494,2.0713e+06,"['cast_info-ci', 'movie_info-mi', 'title-t']"
66_7,3,2583747,3220569,3.69594e+07,"['movie_info-mi', 'movie_keyword-mk', 'title-t']"
66_8,3,1984439,2106433,8.58271e+06,"['movie_companies-mc', 'movie_info-mi', 'title-t']"
66_9,3,1637102,1857429,6.5409e+06,"['cast_info-ci', 'movie_keyword-mk', 'title-t']"
67_0,2,37,9,114.071,"['cast_info-ci', 'title-t']"
67_1,2,436548,268234,393284,"['movie_companies-mc', 'title-t']"
67_10,4,21091,754,3.4365e+06,"['cast_info-ci', 'movie_companies-mc', 'movie_info-mi', 'title-t']"
67_11,4,50166855,28679171,2.76933e+09,"['cast_info-ci', 'movie_info-mi', 'movie_keyword-mk', 'title-t']"
67_12,4,3340,665,1.18873e+07,"['movie_companies-mc', 'movie_info-mi', 'movie_keyword-mk', 'title-t']"
67_13,4,2967,435,1.26604e+06,"['cast_info-ci', 'movie_companies-mc', 'movie_keyword-mk', 'title-t']"
67_14,5,191935,5924,7.28764e+08,"['cast_info-ci', 'movie_companies-mc', 'movie_info-mi', 'movie_keyword-mk', 'title-t']"
67_2,2,1127791,673293,1.08087e+06,"['movie_info-mi', 'title-t']"
67_3,2,299534,410109,299555,"['movie_keyword-mk', 'title-t']"
67_4,3,449,85,79514.8,"['movie_companies-mc', 'movie_keyword-mk', 'title-t']"
67_5,3,2742272,3652019,1.09194e+07,"['cast_info-ci', 'movie_companies-mc', 'title-t']"
67_6,3,430,55,4780.27,"['cast_info-ci', 'movie_info-mi', 'title-t']"
67_7,3,2583747,3220569,2.44303e+07,"['movie_info-mi', 'movie_keyword-mk', 'title-t']"
67_8,3,1984439,2106433,8.79915e+06,"['movie_companies-mc', 'movie_info-mi', 'title-t']"
67_9,3,86,74,47878.9,"['cast_info-ci', 'movie_keyword-mk', 'title-t']"
68_0,2,1170186,839213,1.29205e+06,"['cast_info-ci', 'title-t']"
68_1,2,1798330,951716,1.58085e+06,"['movie_companies-mc', 'title-t']"
68_10,4,512575801,67122644,1.61522e+09,"['cast_info-ci', 'movie_companies-mc', 'movie_info-mi', 'title-t']"
68_11,4,365166393,101756012,2.85641e+09,"['cast_info-ci', 'movie_info-mi', 'movie_keyword-mk', 'title-t']"
68_12,4,251883732,59192779,1.06914e+10,"['movie_companies-mc', 'movie_info-mi', 'movie_keyword-mk', 'title-t']"
68_13,4,90649862,38715398,8.45127e+08,"['cast_info-ci', 'movie_companies-mc', 'movie_keyword-mk', 'title-t']"
68_14,5,9537310863,527111701,2.90222e+11,"['cast_info-ci', 'movie_companies-mc', 'movie_info-mi', 'movie_keyword-mk', 'title-t']"
68_2,2,4402268,2388898,3.83623e+06,"['movie_info-mi', 'title-t']"
68_3,2,1970380,1455099,1.86125e+06,"['movie_keyword-mk', 'title-t']"
68_4,3,16657594,7537635,1.82157e+07,"['movie_companies-mc', 'movie_keyword-mk', 'title-t']"
68_5,3,21795195,12957657,1.34724e+07,"['cast_info-ci', 'movie_companies-mc', 'title-t']"
68_6,3,6621484,4930036,1.01566e+07,"['cast_info-ci', 'movie_info-mi', 'title-t']"
68_7,3,18054021,11426840,5.10648e+07,"['movie_info-mi', 'movie_keyword-mk', 'title-t']"
68_8,3,9273829,7473794,1.5597e+07,"['movie_companies-mc', 'movie_info-mi', 'title-t']"
68_9,3,6991479,6590310,1.81212e+07,"['cast_info-ci', 'movie_keyword-mk', 'title-t']"
69_0,2,760935,514549,806113,"['cast_info-ci', 'title-t']"
69_1,2,1185103,583529,1.08289e+06,"['movie_companies-mc', 'title-t']"
69_10,4,83888,2265,1.87156e+06,"['cast_info-ci', 'movie_companies-mc', 'movie_info-mi', 'title-t']"
69_11,4,41636,3434,3.2042e+06,"['cast_info-ci', 'movie_info-mi', 'movie_keyword-mk', 'title-t']"
69_12,4,23853,1998,4.4685e+06,"['movie_companies-mc', 'movie_info-mi', 'movie_keyword-mk', 'title-t']"
69_13,4,64293817,23737682,1.14009e+09,"['cast_info-ci', 'movie_companies-mc', 'movie_keyword-mk', 'title-t']"
69_14,5,1067496,17789,4.68248e+08,"['cast_info-ci', 'movie_companies-mc', 'movie_info-mi', 'movie_keyword-mk', 'title-t']"
69_2,2,2832163,1464712,2.51666e+06,"['movie_info-mi', 'title-t']"
69_3,2,199,49,690.033,"['movie_keyword-mk', 'title-t']"
69_4,3,2178,254,44467.1,"['movie_companies-mc', 'movie_keyword-mk', 'title-t']"
69_5,3,3456,437,29581.1,"['cast_info-ci', 'movie_companies-mc', 'title-t']"
69_6,3,4733307,3022767,3.88131e+06,"['cast_info-ci', 'movie_info-mi', 'title-t']"
69_7,3,1254,385,47408.4,"['movie_info-mi', 'movie_keyword-mk', 'title-t']"
69_8,3,6395484,4582429,1.57054e+07,"['movie_companies-mc', 'movie_info-mi', 'title-t']"
69_9,3,4673376,4040735,1.50593e+07,"['cast_info-ci', 'movie_keyword-mk', 'title-t']"
6_0,2,176197,120802,161715,"['movie_companies-mc', 'title-t']"
6_1,2,12,8,226.865,"['movie_info_idx-mi_idx', 'title-t']"
6_2,3,47,22,9157.68,"['movie_companies-mc', 'movie_info_idx-mi_idx', 'title-t']"
70_0,2,253054,165269,234574,"['cast_info-ci', 'title-t']"
70_1,2,380792,187425,376324,"['movie_companies-mc', 'title-t']"
70_10,4,22926,728,1.53041e+06,"['cast_info-ci', 'movie_companies-mc', 'movie_info-mi', 'title-t']"
70_11,4,11235,1103,4.22324e+06,"['cast_info-ci', 'movie_info-mi', 'movie_keyword-mk', 'title-t']"
70_12,4,7143,642,3.01099e+06,"['movie_companies-mc', 'movie_info-mi', 'movie_keyword-mk', 'title-t']"
70_13,4,22138603,7624376,4.60653e+08,"['cast_info-ci', 'movie_companies-mc', 'movie_keyword-mk', 'title-t']"
70_14,5,268172,5714,4.18577e+08,"['cast_info-ci', 'movie_companies-mc', 'movie_info-mi', 'movie_keyword-mk', 'title-t']"
70_2,2,888285,470455,819045,"['movie_info-mi', 'title-t']"
70_3,2,100,16,386.119,"['movie_keyword-mk', 'title-t']"
70_4,3,777,82,18826.5,"['movie_companies-mc', 'movie_keyword-mk', 'title-t']"
70_5,3,1084,141,16137.5,"['cast_info-ci', 'movie_companies-mc', 'title-t']"
70_6,3,1672786,970892,1.34801e+06,"['cast_info-ci', 'movie_info-mi', 'title-t']"
70_7,3,467,124,47769.3,"['movie_info-mi', 'movie_keyword-mk', 'title-t']"
70_8,3,2055206,1471844,3.73261e+06,"['movie_companies-mc', 'movie_info-mi', 'title-t']"
70_9,3,1571072,1297856,1.15747e+07,"['cast_info-ci', 'movie_keyword-mk', 'title-t']"
7_0,2,620001,428614,648949,"['movie_companies-mc', 'title-t']"
7_1,2,6,1,54.9362,"['movie_info_idx-mi_idx', 'title-t']"
7_2,3,16,1,1297.24,"['movie_companies-mc', 'movie_info_idx-mi_idx', 'title-t']"
8_0,2,1253091,1062999,1.21112e+06,"['movie_keyword-mk', 'title-t']"
8_1,2,143567,108501,144546,"['movie_info_idx-mi_idx', 'title-t']"
8_2,3,850677,1106439,7.39482e+06,"['movie_info_idx-mi_idx', 'movie_keyword-mk', 'title-t']"
9_0,2,299534,410109,318428,"['movie_keyword-mk', 'title-t']"
9_1,2,43838,41860,45905,"['movie_info_idx-mi_idx', 'title-t']"
9_2,3,179616,426868,2.64039e+06,"['movie_info_idx-mi_idx', 'movie_keyword-mk', 'title-t']"
